{
    "success": {
        "backgroundColor": "#333333",
        "blurBackground": false,
        "borderColor": "#005700",
        "borderHeight": 1,
        "buttonImageName": "close-mini",
        "buttonTintColor": "#727272",
        "contentFontSize": 12,
        "contentTextColor": "#00C89C",
        "imageName": "good",
        "imageTintColor": "#00C89C",
        "shadowColor": "#67B759",
        "shadowOffsetX": 0,
        "shadowOffsetY": 0,
        "textColor": "#00C89C",
        "titleFontSize": 14
    },
    "message": {
        "backgroundColor": "#333333",
        "blurBackground": false,
        "borderColor": "#727C83",
        "borderHeight": 1,
        "buttonImageName": "close-mini",
        "buttonTintColor": "#727272",
        "contentFontSize": 12,
        "contentTextColor": "#FFFFFF",
        "imageName": "",
        "shadowColor": "#EBEEF1",
        "shadowOffsetX": 0,
        "shadowOffsetY": 0,
        "textColor": "#FFFFFF",
        "titleFontSize": 14
    },
    "warning": {
        "backgroundColor": "#333333",
        "blurBackground": false,
        "borderColor": "#A28918",
        "borderHeight": 1,
        "buttonImageName": "close-mini",
        "buttonTintColor": "#727272",
        "contentFontSize": 12,
        "contentTextColor": "#f2b65b",
        "imageName": "bad",
        "imageTintColor": "#f2b65b",
        "shadowColor": "#E5D87C",
        "shadowOffsetX": 0,
        "shadowOffsetY": 0,
        "textColor": "#f2b65b",
        "titleFontSize": 14
    },
    "error": {
        "backgroundColor": "#333333",
        "blurBackground": false,
        "borderColor": "#700000",
        "borderHeight": 1,
        "buttonImageName": "close-mini",
        "buttonTintColor": "#727272",
        "contentFontSize": 12,
        "contentTextColor": "#f56679",
        "imageName": "broken",
        "imageTintColor": "#f56679",
        "shadowColor": "#812929",
        "shadowOffsetX": 0,
        "shadowOffsetY": 0,
        "textColor": "#f56679",
        "titleFontSize": 14
    }
}